PrimaryKey,id,description,operationalLocation,equipmentUse,quantity,quantityUnitOfMeasure
ER_0125074001001BREADBLAST052000hours,ER_0125074001001,BREADBLAST05,BREADBLAST05,BREADBLAST05,2000,hours
ER_0124789001001BREADBLAST074500hours,ER_0124789001001,BREADBLAST07,BREADBLAST07,BREADBLAST07,4500,hours
ER_0124874001001BREADBLAST075625hours,ER_0124874001001,BREADBLAST07,BREADBLAST07,BREADBLAST07,5625,hours
ER_0125264001001BREADBLAST0520000.01hours,ER_0125264001001,BREADBLAST05,BREADBLAST05,BREADBLAST05,20000.01,hours
ER_0125264001001_001BREADBLAST059999.99hours,ER_0125264001001_001,BREADBLAST05,BREADBLAST05,BREADBLAST05,9999.99,hours
ER_0124393001001BREADBLAST0410000hours,ER_0124393001001,BREADBLAST04,BREADBLAST04,BREADBLAST04,10000,hours
ER_0125309001001BREADBLAST0628000hours,ER_0125309001001,BREADBLAST06,BREADBLAST06,BREADBLAST06,28000,hours
ER_0125346001001BREADBLAST073499.998hours,ER_0125346001001,BREADBLAST07,BREADBLAST07,BREADBLAST07,3499.998,hours
ER_0125346001001_001BREADBLAST072500.002hours,ER_0125346001001_001,BREADBLAST07,BREADBLAST07,BREADBLAST07,2500.002,hours
ER_0125269001001BREADBLAST0410000hours,ER_0125269001001,BREADBLAST04,BREADBLAST04,BREADBLAST04,10000,hours
ER_0125459001001BREADBLAST0510000hours,ER_0125459001001,BREADBLAST05,BREADBLAST05,BREADBLAST05,10000,hours
ER_0125263001001BREADBLAST0540000hours,ER_0125263001001,BREADBLAST05,BREADBLAST05,BREADBLAST05,40000,hours
ER_0125304001001BREADBLAST0410000hours,ER_0125304001001,BREADBLAST04,BREADBLAST04,BREADBLAST04,10000,hours
ER_0125541001001BREADBLAST0416000hours,ER_0125541001001,BREADBLAST04,BREADBLAST04,BREADBLAST04,16000,hours
ER_0125365001001BREADBLAST058000hours,ER_0125365001001,BREADBLAST05,BREADBLAST05,BREADBLAST05,8000,hours
ER_0125539001001BREADBLAST0610000hours,ER_0125539001001,BREADBLAST06,BREADBLAST06,BREADBLAST06,10000,hours
ER_0125623001001BREADBLAST0440000hours,ER_0125623001001,BREADBLAST04,BREADBLAST04,BREADBLAST04,40000,hours
ER_0125142001001BREADBLAST0612000hours,ER_0125142001001,BREADBLAST06,BREADBLAST06,BREADBLAST06,12000,hours
ER_0124631001001BREADBLAST075666.664hours,ER_0124631001001,BREADBLAST07,BREADBLAST07,BREADBLAST07,5666.664,hours
ER_0124721001001BREADBLAST046000hours,ER_0124721001001,BREADBLAST04,BREADBLAST04,BREADBLAST04,6000,hours
ER_0124706001001BREADBLAST062168hours,ER_0124706001001,BREADBLAST06,BREADBLAST06,BREADBLAST06,2168,hours
ER_0124773001001BREADBLAST0410000hours,ER_0124773001001,BREADBLAST04,BREADBLAST04,BREADBLAST04,10000,hours
ER_0123672001001BREADBLAST0710000hours,ER_0123672001001,BREADBLAST07,BREADBLAST07,BREADBLAST07,10000,hours
ER_0124633001001BREADBLAST075000hours,ER_0124633001001,BREADBLAST07,BREADBLAST07,BREADBLAST07,5000,hours
ER_0124707001001BREADBLAST078000hours,ER_0124707001001,BREADBLAST07,BREADBLAST07,BREADBLAST07,8000,hours
ER_0124447001001BREADBLAST0520625hours,ER_0124447001001,BREADBLAST05,BREADBLAST05,BREADBLAST05,20625,hours
ER_0124319001001BREADBLAST054500hours,ER_0124319001001,BREADBLAST05,BREADBLAST05,BREADBLAST05,4500,hours
ER_0125155001001BREADBLAST073499.8hours,ER_0125155001001,BREADBLAST07,BREADBLAST07,BREADBLAST07,3499.8,hours
ER_0125155001001_001BREADBLAST072500.2hours,ER_0125155001001_001,BREADBLAST07,BREADBLAST07,BREADBLAST07,2500.2,hours
ER_0125018001001BREADBLAST0610000hours,ER_0125018001001,BREADBLAST06,BREADBLAST06,BREADBLAST06,10000,hours
ER_0124452001001BREADBLAST044000hours,ER_0124452001001,BREADBLAST04,BREADBLAST04,BREADBLAST04,4000,hours
ER_0127469001001BREADBLAST0720000hours,ER_0127469001001,BREADBLAST07,BREADBLAST07,BREADBLAST07,20000,hours
ER_0127308001001BREADBLAST0538000hours,ER_0127308001001,BREADBLAST05,BREADBLAST05,BREADBLAST05,38000,hours
ER_0127242001001BREADBLAST064336hours,ER_0127242001001,BREADBLAST06,BREADBLAST06,BREADBLAST06,4336,hours
ER_0126394001001BREADBLAST064664hours,ER_0126394001001,BREADBLAST06,BREADBLAST06,BREADBLAST06,4664,hours
ER_0126800001001BREADBLAST055833.33hours,ER_0126800001001,BREADBLAST05,BREADBLAST05,BREADBLAST05,5833.33,hours
ER_0126445001001BREADBLAST064500hours,ER_0126445001001,BREADBLAST06,BREADBLAST06,BREADBLAST06,4500,hours
ER_0125108001001BREADBLAST077083.33hours,ER_0125108001001,BREADBLAST07,BREADBLAST07,BREADBLAST07,7083.33,hours
ER_0125108001001_001BREADBLAST072916.67hours,ER_0125108001001_001,BREADBLAST07,BREADBLAST07,BREADBLAST07,2916.67,hours
ER_0124710001001BREADBLAST0612000hours,ER_0124710001001,BREADBLAST06,BREADBLAST06,BREADBLAST06,12000,hours
ER_0125494001001BREADBLAST0630000hours,ER_0125494001001,BREADBLAST06,BREADBLAST06,BREADBLAST06,30000,hours
ER_0125345001001BREADBLAST073625.002hours,ER_0125345001001,BREADBLAST07,BREADBLAST07,BREADBLAST07,3625.002,hours
ER_0125345001001_001BREADBLAST072374.998hours,ER_0125345001001_001,BREADBLAST07,BREADBLAST07,BREADBLAST07,2374.998,hours
ER_0124870001001BREADBLAST058166.662hours,ER_0124870001001,BREADBLAST05,BREADBLAST05,BREADBLAST05,8166.662,hours
ER_0124451001001BREADBLAST076250hours,ER_0124451001001,BREADBLAST07,BREADBLAST07,BREADBLAST07,6250,hours
ER_0124671001001BREADBLAST064664hours,ER_0124671001001,BREADBLAST06,BREADBLAST06,BREADBLAST06,4664,hours
ER_0125077001001BREADBLAST072500hours,ER_0125077001001,BREADBLAST07,BREADBLAST07,BREADBLAST07,2500,hours
ER_0125121001001_001BREADBLAST061000hours,ER_0125121001001_001,BREADBLAST06,BREADBLAST06,BREADBLAST06,1000,hours
ER_0124704001001BREADBLAST0711250hours,ER_0124704001001,BREADBLAST07,BREADBLAST07,BREADBLAST07,11250,hours
ER_0124834001001BREADBLAST0730000hours,ER_0124834001001,BREADBLAST07,BREADBLAST07,BREADBLAST07,30000,hours
ER_0125153001001BREADBLAST075666.664hours,ER_0125153001001,BREADBLAST07,BREADBLAST07,BREADBLAST07,5666.664,hours
ER_0125153001001_001BREADBLAST072333.336hours,ER_0125153001001_001,BREADBLAST07,BREADBLAST07,BREADBLAST07,2333.336,hours
ER_0125465001001BREADBLAST074248hours,ER_0125465001001,BREADBLAST07,BREADBLAST07,BREADBLAST07,4248,hours
ER_0125465001001_001BREADBLAST071752hours,ER_0125465001001_001,BREADBLAST07,BREADBLAST07,BREADBLAST07,1752,hours
ER_0124670001001BREADBLAST075600hours,ER_0124670001001,BREADBLAST07,BREADBLAST07,BREADBLAST07,5600,hours
ER_0124405001001BREADBLAST042755.6hours,ER_0124405001001,BREADBLAST04,BREADBLAST04,BREADBLAST04,2755.6,hours
ER_0125368001001BREADBLAST0710000hours,ER_0125368001001,BREADBLAST07,BREADBLAST07,BREADBLAST07,10000,hours
ER_0125368001001_001BREADBLAST076000hours,ER_0125368001001_001,BREADBLAST07,BREADBLAST07,BREADBLAST07,6000,hours
ER_0124496001001BREADBLAST0610000hours,ER_0124496001001,BREADBLAST06,BREADBLAST06,BREADBLAST06,10000,hours
ER_0124703001001BREADBLAST0722400hours,ER_0124703001001,BREADBLAST07,BREADBLAST07,BREADBLAST07,22400,hours
ER_0125120001001BREADBLAST072000hours,ER_0125120001001,BREADBLAST07,BREADBLAST07,BREADBLAST07,2000,hours
ER_0125021001001BREADBLAST077083.33hours,ER_0125021001001,BREADBLAST07,BREADBLAST07,BREADBLAST07,7083.33,hours
ER_0126994001001BREADBLAST065420hours,ER_0126994001001,BREADBLAST06,BREADBLAST06,BREADBLAST06,5420,hours
ER_0125740001001BREADBLAST0510000hours,ER_0125740001001,BREADBLAST05,BREADBLAST05,BREADBLAST05,10000,hours
ER_0125564001001BREADBLAST076667hours,ER_0125564001001,BREADBLAST07,BREADBLAST07,BREADBLAST07,6667,hours
ER_0125200001001BREADBLAST0510000hours,ER_0125200001001,BREADBLAST05,BREADBLAST05,BREADBLAST05,10000,hours
ER_0124869001001BREADBLAST0520000hours,ER_0124869001001,BREADBLAST05,BREADBLAST05,BREADBLAST05,20000,hours
ER_0126668001001BREADBLAST064333.336hours,ER_0126668001001,BREADBLAST06,BREADBLAST06,BREADBLAST06,4333.336,hours
ER_0125667001001BREADBLAST0521250hours,ER_0125667001001,BREADBLAST05,BREADBLAST05,BREADBLAST05,21250,hours
ER_0125791001001BREADBLAST0620000hours,ER_0125791001001,BREADBLAST06,BREADBLAST06,BREADBLAST06,20000,hours
ER_0126066001001BREADBLAST067500hours,ER_0126066001001,BREADBLAST06,BREADBLAST06,BREADBLAST06,7500,hours
ER_0126207001001BREADBLAST076250hours,ER_0126207001001,BREADBLAST07,BREADBLAST07,BREADBLAST07,6250,hours
ER_0125854001001BREADBLAST075333.336hours,ER_0125854001001,BREADBLAST07,BREADBLAST07,BREADBLAST07,5333.336,hours
ER_0125857001001BREADBLAST076000hours,ER_0125857001001,BREADBLAST07,BREADBLAST07,BREADBLAST07,6000,hours
ER_0124449001001BREADBLAST069666.672hours,ER_0124449001001,BREADBLAST06,BREADBLAST06,BREADBLAST06,9666.672,hours
ER_0125266001001BREADBLAST075333.336hours,ER_0125266001001,BREADBLAST07,BREADBLAST07,BREADBLAST07,5333.336,hours
ER_0125266001001_001BREADBLAST072666.664hours,ER_0125266001001_001,BREADBLAST07,BREADBLAST07,BREADBLAST07,2666.664,hours
ER_0125307001001BREADBLAST068750hours,ER_0125307001001,BREADBLAST06,BREADBLAST06,BREADBLAST06,8750,hours
ER_0125307001001_001BREADBLAST065250hours,ER_0125307001001_001,BREADBLAST06,BREADBLAST06,BREADBLAST06,5250,hours
ER_0125198001001BREADBLAST057583.338hours,ER_0125198001001,BREADBLAST05,BREADBLAST05,BREADBLAST05,7583.338,hours
ER_0125198001001_001BREADBLAST056416.662hours,ER_0125198001001_001,BREADBLAST05,BREADBLAST05,BREADBLAST05,6416.662,hours
ER_0124871001001BREADBLAST058458.338hours,ER_0124871001001,BREADBLAST05,BREADBLAST05,BREADBLAST05,8458.338,hours
ER_0124634001001BREADBLAST072666.668hours,ER_0124634001001,BREADBLAST07,BREADBLAST07,BREADBLAST07,2666.668,hours
ER_0125094001001BREADBLAST0614000hours,ER_0125094001001,BREADBLAST06,BREADBLAST06,BREADBLAST06,14000,hours
ER_0125265001001BREADBLAST0716000hours,ER_0125265001001,BREADBLAST07,BREADBLAST07,BREADBLAST07,16000,hours
ER_0125785001001BREADBLAST059333.338hours,ER_0125785001001,BREADBLAST05,BREADBLAST05,BREADBLAST05,9333.338,hours
ER_0125154001001BREADBLAST076000hours,ER_0125154001001,BREADBLAST07,BREADBLAST07,BREADBLAST07,6000,hours
ER_0125579001001BREADBLAST0546000hours,ER_0125579001001,BREADBLAST05,BREADBLAST05,BREADBLAST05,46000,hours
ER_0125742001001BREADBLAST0610000hours,ER_0125742001001,BREADBLAST06,BREADBLAST06,BREADBLAST06,10000,hours
ER_0125322001001BREADBLAST075333.336hours,ER_0125322001001,BREADBLAST07,BREADBLAST07,BREADBLAST07,5333.336,hours
ER_0125322001001_001BREADBLAST072666.664hours,ER_0125322001001_001,BREADBLAST07,BREADBLAST07,BREADBLAST07,2666.664,hours
ER_0125456001001BREADBLAST046000hours,ER_0125456001001,BREADBLAST04,BREADBLAST04,BREADBLAST04,6000,hours
ER_0125456001001_001BREADBLAST044000hours,ER_0125456001001_001,BREADBLAST04,BREADBLAST04,BREADBLAST04,4000,hours
ER_0125308001001BREADBLAST062583.6hours,ER_0125308001001,BREADBLAST06,BREADBLAST06,BREADBLAST06,2583.6,hours
ER_0125308001001_001BREADBLAST061416.4hours,ER_0125308001001_001,BREADBLAST06,BREADBLAST06,BREADBLAST06,1416.4,hours
ER_0125548001001BREADBLAST0711000hours,ER_0125548001001,BREADBLAST07,BREADBLAST07,BREADBLAST07,11000,hours
ER_0125461001001BREADBLAST053750hours,ER_0125461001001,BREADBLAST05,BREADBLAST05,BREADBLAST05,3750,hours
ER_0125461001001_001BREADBLAST052250hours,ER_0125461001001_001,BREADBLAST05,BREADBLAST05,BREADBLAST05,2250,hours
ER_0125790001001BREADBLAST066250hours,ER_0125790001001,BREADBLAST06,BREADBLAST06,BREADBLAST06,6250,hours
ER_0125672001001BREADBLAST075833.33hours,ER_0125672001001,BREADBLAST07,BREADBLAST07,BREADBLAST07,5833.33,hours
ER_0126728001001BREADBLAST063250.2hours,ER_0126728001001,BREADBLAST06,BREADBLAST06,BREADBLAST06,3250.2,hours
ER_0126806001001BREADBLAST062325.6hours,ER_0126806001001,BREADBLAST06,BREADBLAST06,BREADBLAST06,2325.6,hours
ER_0124322001001BREADBLAST0410000hours,ER_0124322001001,BREADBLAST04,BREADBLAST04,BREADBLAST04,10000,hours
ER_0124446001001BREADBLAST056250hours,ER_0124446001001,BREADBLAST05,BREADBLAST05,BREADBLAST05,6250,hours
ER_0127186001001BREADBLAST065416.67hours,ER_0127186001001,BREADBLAST06,BREADBLAST06,BREADBLAST06,5416.67,hours
ER_0126037001001BREADBLAST072250hours,ER_0126037001001,BREADBLAST07,BREADBLAST07,BREADBLAST07,2250,hours
ER_0126347001001BREADBLAST072333.2hours,ER_0126347001001,BREADBLAST07,BREADBLAST07,BREADBLAST07,2333.2,hours
ER_0125190001001BREADBLAST072000hours,ER_0125190001001,BREADBLAST07,BREADBLAST07,BREADBLAST07,2000,hours
ER_0124603001001BREADBLAST0430000hours,ER_0124603001001,BREADBLAST04,BREADBLAST04,BREADBLAST04,30000,hours
ER_0125019001001BREADBLAST0630000hours,ER_0125019001001,BREADBLAST06,BREADBLAST06,BREADBLAST06,30000,hours
ER_0126273001001BREADBLAST059916.662hours,ER_0126273001001,BREADBLAST05,BREADBLAST05,BREADBLAST05,9916.662,hours
ER_0124923001001BREADBLAST072000hours,ER_0124923001001,BREADBLAST07,BREADBLAST07,BREADBLAST07,2000,hours
ER_0125000001001BREADBLAST054833.336hours,ER_0125000001001,BREADBLAST05,BREADBLAST05,BREADBLAST05,4833.336,hours
ER_0124872001001BREADBLAST054000.002hours,ER_0124872001001,BREADBLAST05,BREADBLAST05,BREADBLAST05,4000.002,hours
ER_0124557001001BREADBLAST0610000hours,ER_0124557001001,BREADBLAST06,BREADBLAST06,BREADBLAST06,10000,hours
ER_0124785001001BREADBLAST0422000hours,ER_0124785001001,BREADBLAST04,BREADBLAST04,BREADBLAST04,22000,hours
ER_0124582001001BREADBLAST0620000hours,ER_0124582001001,BREADBLAST06,BREADBLAST06,BREADBLAST06,20000,hours
ER_0124669001001BREADBLAST041155.556hours,ER_0124669001001,BREADBLAST04,BREADBLAST04,BREADBLAST04,1155.556,hours
ER_0126669001001BREADBLAST066666.67hours,ER_0126669001001,BREADBLAST06,BREADBLAST06,BREADBLAST06,6666.67,hours
ER_0124632001001BREADBLAST072000hours,ER_0124632001001,BREADBLAST07,BREADBLAST07,BREADBLAST07,2000,hours
ER_0126665001001BREADBLAST0420000hours,ER_0126665001001,BREADBLAST04,BREADBLAST04,BREADBLAST04,20000,hours
ER_0126996001001BREADBLAST0610000hours,ER_0126996001001,BREADBLAST06,BREADBLAST06,BREADBLAST06,10000,hours
ER_0124851001001BREADBLAST0520000hours,ER_0124851001001,BREADBLAST05,BREADBLAST05,BREADBLAST05,20000,hours
ER_0124705001001BREADBLAST0730000hours,ER_0124705001001,BREADBLAST07,BREADBLAST07,BREADBLAST07,30000,hours
ER_0124786001001BREADBLAST0530000hours,ER_0124786001001,BREADBLAST05,BREADBLAST05,BREADBLAST05,30000,hours
ER_0125352001001BREADBLAST0710500hours,ER_0125352001001,BREADBLAST07,BREADBLAST07,BREADBLAST07,10500,hours
ER_0125352001001_001BREADBLAST073500hours,ER_0125352001001_001,BREADBLAST07,BREADBLAST07,BREADBLAST07,3500,hours
ER_0124497001001BREADBLAST056500.004hours,ER_0124497001001,BREADBLAST05,BREADBLAST05,BREADBLAST05,6500.004,hours
ER_0124854001001BREADBLAST0514000hours,ER_0124854001001,BREADBLAST05,BREADBLAST05,BREADBLAST05,14000,hours
ER_0125745001001BREADBLAST059333.328hours,ER_0125745001001,BREADBLAST05,BREADBLAST05,BREADBLAST05,9333.328,hours
ER_0126618001001BREADBLAST064000.002hours,ER_0126618001001,BREADBLAST06,BREADBLAST06,BREADBLAST06,4000.002,hours
ER_0126549001001BREADBLAST063252hours,ER_0126549001001,BREADBLAST06,BREADBLAST06,BREADBLAST06,3252,hours
ER_0126281001001BREADBLAST0712000hours,ER_0126281001001,BREADBLAST07,BREADBLAST07,BREADBLAST07,12000,hours
ER_0126547001001BREADBLAST0620000hours,ER_0126547001001,BREADBLAST06,BREADBLAST06,BREADBLAST06,20000,hours
ER_0126836001001BREADBLAST054000hours,ER_0126836001001,BREADBLAST05,BREADBLAST05,BREADBLAST05,4000,hours
ER_0125789001001BREADBLAST064000hours,ER_0125789001001,BREADBLAST06,BREADBLAST06,BREADBLAST06,4000,hours
ER_0125957001001BREADBLAST056875hours,ER_0125957001001,BREADBLAST05,BREADBLAST05,BREADBLAST05,6875,hours
ER_0125545001001BREADBLAST047467.6hours,ER_0125545001001,BREADBLAST04,BREADBLAST04,BREADBLAST04,7467.6,hours
ER_0126203001001BREADBLAST0440000hours,ER_0126203001001,BREADBLAST04,BREADBLAST04,BREADBLAST04,40000,hours
ER_0126959001001BREADBLAST0616000hours,ER_0126959001001,BREADBLAST06,BREADBLAST06,BREADBLAST06,16000,hours
ER_0126285001001BREADBLAST074249.998hours,ER_0126285001001,BREADBLAST07,BREADBLAST07,BREADBLAST07,4249.998,hours
ER_0126615001001BREADBLAST052000hours,ER_0126615001001,BREADBLAST05,BREADBLAST05,BREADBLAST05,2000,hours
ER_0125089001001BREADBLAST058666.672hours,ER_0125089001001,BREADBLAST05,BREADBLAST05,BREADBLAST05,8666.672,hours
ER_0125197001001BREADBLAST0720000hours,ER_0125197001001,BREADBLAST07,BREADBLAST07,BREADBLAST07,20000,hours
ER_0124855001001BREADBLAST0511250hours,ER_0124855001001,BREADBLAST05,BREADBLAST05,BREADBLAST05,11250,hours
ER_0125787001001BREADBLAST0616000hours,ER_0125787001001,BREADBLAST06,BREADBLAST06,BREADBLAST06,16000,hours
ER_0125463001001BREADBLAST0626000hours,ER_0125463001001,BREADBLAST06,BREADBLAST06,BREADBLAST06,26000,hours
ER_0125578001001BREADBLAST053750hours,ER_0125578001001,BREADBLAST05,BREADBLAST05,BREADBLAST05,3750,hours
ER_0125301001001BREADBLAST042488.888hours,ER_0125301001001,BREADBLAST04,BREADBLAST04,BREADBLAST04,2488.888,hours
ER_0125301001001_001BREADBLAST041511.112hours,ER_0125301001001_001,BREADBLAST04,BREADBLAST04,BREADBLAST04,1511.112,hours
ER_0125538001001BREADBLAST071250hours,ER_0125538001001,BREADBLAST07,BREADBLAST07,BREADBLAST07,1250,hours
ER_0126399001001BREADBLAST0420000hours,ER_0126399001001,BREADBLAST04,BREADBLAST04,BREADBLAST04,20000,hours
ER_0126544001001BREADBLAST0718750hours,ER_0126544001001,BREADBLAST07,BREADBLAST07,BREADBLAST07,18750,hours
ER_0126284001001BREADBLAST072416.8hours,ER_0126284001001,BREADBLAST07,BREADBLAST07,BREADBLAST07,2416.8,hours
ER_0124836001001BREADBLAST048000hours,ER_0124836001001,BREADBLAST04,BREADBLAST04,BREADBLAST04,8000,hours
ER_0125109001001BREADBLAST074000.002hours,ER_0125109001001,BREADBLAST07,BREADBLAST07,BREADBLAST07,4000.002,hours
ER_0125109001001_001BREADBLAST071999.998hours,ER_0125109001001_001,BREADBLAST07,BREADBLAST07,BREADBLAST07,1999.998,hours
ER_0125583001001BREADBLAST076999.996hours,ER_0125583001001,BREADBLAST07,BREADBLAST07,BREADBLAST07,6999.996,hours
ER_0124999001001BREADBLAST0510000hours,ER_0124999001001,BREADBLAST05,BREADBLAST05,BREADBLAST05,10000,hours
ER_0124494001001BREADBLAST0710000hours,ER_0124494001001,BREADBLAST07,BREADBLAST07,BREADBLAST07,10000,hours
ER_0125093001001BREADBLAST0520000hours,ER_0125093001001,BREADBLAST05,BREADBLAST05,BREADBLAST05,20000,hours
ER_0124556001001BREADBLAST0620000hours,ER_0124556001001,BREADBLAST06,BREADBLAST06,BREADBLAST06,20000,hours
ER_0124591001001BREADBLAST062000hours,ER_0124591001001,BREADBLAST06,BREADBLAST06,BREADBLAST06,2000,hours
ER_0125303001001BREADBLAST0416000hours,ER_0125303001001,BREADBLAST04,BREADBLAST04,BREADBLAST04,16000,hours
ER_0125516001001BREADBLAST072166.668hours,ER_0125516001001,BREADBLAST07,BREADBLAST07,BREADBLAST07,2166.668,hours
ER_0125348001001BREADBLAST062250hours,ER_0125348001001,BREADBLAST06,BREADBLAST06,BREADBLAST06,2250,hours
ER_0125348001001_001BREADBLAST061750hours,ER_0125348001001_001,BREADBLAST06,BREADBLAST06,BREADBLAST06,1750,hours
ER_0127311001001BREADBLAST0614000hours,ER_0127311001001,BREADBLAST06,BREADBLAST06,BREADBLAST06,14000,hours
ER_0125860001001BREADBLAST076041.67hours,ER_0125860001001,BREADBLAST07,BREADBLAST07,BREADBLAST07,6041.67,hours
ER_0125267001001BREADBLAST077500hours,ER_0125267001001,BREADBLAST07,BREADBLAST07,BREADBLAST07,7500,hours
ER_0125267001001_001BREADBLAST074500hours,ER_0125267001001_001,BREADBLAST07,BREADBLAST07,BREADBLAST07,4500,hours
ER_0125457001001BREADBLAST042222hours,ER_0125457001001,BREADBLAST04,BREADBLAST04,BREADBLAST04,2222,hours
ER_0125457001001_001BREADBLAST041778hours,ER_0125457001001_001,BREADBLAST04,BREADBLAST04,BREADBLAST04,1778,hours
ER_0125305001001BREADBLAST0513000.008hours,ER_0125305001001,BREADBLAST05,BREADBLAST05,BREADBLAST05,13000.008,hours
ER_0125305001001_001BREADBLAST0510999.992hours,ER_0125305001001_001,BREADBLAST05,BREADBLAST05,BREADBLAST05,10999.992,hours
ER_0125347001001BREADBLAST0518416.658hours,ER_0125347001001,BREADBLAST05,BREADBLAST05,BREADBLAST05,18416.658,hours
ER_0125347001001_001BREADBLAST057583.342hours,ER_0125347001001_001,BREADBLAST05,BREADBLAST05,BREADBLAST05,7583.342,hours
ER_0127347001001BREADBLAST053750hours,ER_0127347001001,BREADBLAST05,BREADBLAST05,BREADBLAST05,3750,hours
ER_0127182001001BREADBLAST0420000hours,ER_0127182001001,BREADBLAST04,BREADBLAST04,BREADBLAST04,20000,hours
ER_0125321001001BREADBLAST0710000hours,ER_0125321001001,BREADBLAST07,BREADBLAST07,BREADBLAST07,10000,hours
ER_0126804001001BREADBLAST066000hours,ER_0126804001001,BREADBLAST06,BREADBLAST06,BREADBLAST06,6000,hours
ER_0126957001001BREADBLAST0610000hours,ER_0126957001001,BREADBLAST06,BREADBLAST06,BREADBLAST06,10000,hours
ER_0126935001001BREADBLAST072833.332hours,ER_0126935001001,BREADBLAST07,BREADBLAST07,BREADBLAST07,2833.332,hours
ER_0127349001001BREADBLAST0511250hours,ER_0127349001001,BREADBLAST05,BREADBLAST05,BREADBLAST05,11250,hours
ER_0126802001001BREADBLAST064000hours,ER_0126802001001,BREADBLAST06,BREADBLAST06,BREADBLAST06,4000,hours
ER_0127084001001BREADBLAST056250hours,ER_0127084001001,BREADBLAST05,BREADBLAST05,BREADBLAST05,6250,hours
ER_0124533001001BREADBLAST0410000hours,ER_0124533001001,BREADBLAST04,BREADBLAST04,BREADBLAST04,10000,hours
ER_0124555001001BREADBLAST066670hours,ER_0124555001001,BREADBLAST06,BREADBLAST06,BREADBLAST06,6670,hours
ER_0124730001001BREADBLAST072000hours,ER_0124730001001,BREADBLAST07,BREADBLAST07,BREADBLAST07,2000,hours
ER_0124495001001BREADBLAST076250hours,ER_0124495001001,BREADBLAST07,BREADBLAST07,BREADBLAST07,6250,hours
ER_0124595001001BREADBLAST043466.668hours,ER_0124595001001,BREADBLAST04,BREADBLAST04,BREADBLAST04,3466.668,hours
ER_0124558001001BREADBLAST064000hours,ER_0124558001001,BREADBLAST06,BREADBLAST06,BREADBLAST06,4000,hours
ER_0124397001001BREADBLAST0440000hours,ER_0124397001001,BREADBLAST04,BREADBLAST04,BREADBLAST04,40000,hours
ER_0125462001001BREADBLAST052666.668hours,ER_0125462001001,BREADBLAST05,BREADBLAST05,BREADBLAST05,2666.668,hours
ER_0125462001001_001BREADBLAST051333.332hours,ER_0125462001001_001,BREADBLAST05,BREADBLAST05,BREADBLAST05,1333.332,hours
ER_0125464001001BREADBLAST074500hours,ER_0125464001001,BREADBLAST07,BREADBLAST07,BREADBLAST07,4500,hours
ER_0125464001001_001BREADBLAST073500hours,ER_0125464001001_001,BREADBLAST07,BREADBLAST07,BREADBLAST07,3500,hours
ER_0125624001001BREADBLAST062500hours,ER_0125624001001,BREADBLAST06,BREADBLAST06,BREADBLAST06,2500,hours
ER_0124559001001BREADBLAST0730000hours,ER_0124559001001,BREADBLAST07,BREADBLAST07,BREADBLAST07,30000,hours
ER_0124594001001BREADBLAST042133.332hours,ER_0124594001001,BREADBLAST04,BREADBLAST04,BREADBLAST04,2133.332,hours
ER_0124500001001BREADBLAST0430000hours,ER_0124500001001,BREADBLAST04,BREADBLAST04,BREADBLAST04,30000,hours
ER_0127046001001BREADBLAST0610000hours,ER_0127046001001,BREADBLAST06,BREADBLAST06,BREADBLAST06,10000,hours
ER_0126801001001BREADBLAST0521249.99hours,ER_0126801001001,BREADBLAST05,BREADBLAST05,BREADBLAST05,21249.99,hours
ER_0126955001001BREADBLAST068166.662hours,ER_0126955001001,BREADBLAST06,BREADBLAST06,BREADBLAST06,8166.662,hours
ER_0126673001001BREADBLAST066000hours,ER_0126673001001,BREADBLAST06,BREADBLAST06,BREADBLAST06,6000,hours
ER_0126805001001BREADBLAST0610000hours,ER_0126805001001,BREADBLAST06,BREADBLAST06,BREADBLAST06,10000,hours
ER_0124396001001BREADBLAST045778hours,ER_0124396001001,BREADBLAST04,BREADBLAST04,BREADBLAST04,5778,hours
ER_0124656001001BREADBLAST066000hours,ER_0124656001001,BREADBLAST06,BREADBLAST06,BREADBLAST06,6000,hours
ER_0124404001001BREADBLAST0721249.99hours,ER_0124404001001,BREADBLAST07,BREADBLAST07,BREADBLAST07,21249.99,hours
ER_0127427001001BREADBLAST075333.336hours,ER_0127427001001,BREADBLAST07,BREADBLAST07,BREADBLAST07,5333.336,hours
ER_0124450001001BREADBLAST0716250hours,ER_0124450001001,BREADBLAST07,BREADBLAST07,BREADBLAST07,16250,hours
ER_0126039001001BREADBLAST078496hours,ER_0126039001001,BREADBLAST07,BREADBLAST07,BREADBLAST07,8496,hours
ER_0124454001001BREADBLAST049244.448hours,ER_0124454001001,BREADBLAST04,BREADBLAST04,BREADBLAST04,9244.448,hours
ER_0125196001001BREADBLAST0710000hours,ER_0125196001001,BREADBLAST07,BREADBLAST07,BREADBLAST07,10000,hours
ER_0127309001001BREADBLAST0710000hours,ER_0127309001001,BREADBLAST07,BREADBLAST07,BREADBLAST07,10000,hours
ER_0127048001001BREADBLAST044800hours,ER_0127048001001,BREADBLAST04,BREADBLAST04,BREADBLAST04,4800,hours
ER_0127240001001BREADBLAST063000hours,ER_0127240001001,BREADBLAST06,BREADBLAST06,BREADBLAST06,3000,hours
ER_0125739001001BREADBLAST0710000hours,ER_0125739001001,BREADBLAST07,BREADBLAST07,BREADBLAST07,10000,hours
ER_0126845001001BREADBLAST0613750hours,ER_0126845001001,BREADBLAST06,BREADBLAST06,BREADBLAST06,13750,hours
ER_0127429001001BREADBLAST074000hours,ER_0127429001001,BREADBLAST07,BREADBLAST07,BREADBLAST07,4000,hours
ER_0126671001001BREADBLAST0620000hours,ER_0126671001001,BREADBLAST06,BREADBLAST06,BREADBLAST06,20000,hours
ER_0127307001001BREADBLAST0516000hours,ER_0127307001001,BREADBLAST05,BREADBLAST05,BREADBLAST05,16000,hours
ER_0124534001001BREADBLAST046000hours,ER_0124534001001,BREADBLAST04,BREADBLAST04,BREADBLAST04,6000,hours
ER_0124448001001BREADBLAST0620000hours,ER_0124448001001,BREADBLAST06,BREADBLAST06,BREADBLAST06,20000,hours
ER_0127428001001BREADBLAST074667.2hours,ER_0127428001001,BREADBLAST07,BREADBLAST07,BREADBLAST07,4667.2,hours
ER_0125349001001BREADBLAST0612500hours,ER_0125349001001,BREADBLAST06,BREADBLAST06,BREADBLAST06,12500,hours
ER_0125349001001_001BREADBLAST067500hours,ER_0125349001001_001,BREADBLAST06,BREADBLAST06,BREADBLAST06,7500,hours
ER_0124391001001BREADBLAST0520000hours,ER_0124391001001,BREADBLAST05,BREADBLAST05,BREADBLAST05,20000,hours
ER_0126992001001BREADBLAST056041.67hours,ER_0126992001001,BREADBLAST05,BREADBLAST05,BREADBLAST05,6041.67,hours
ER_0126841001001BREADBLAST062250hours,ER_0126841001001,BREADBLAST06,BREADBLAST06,BREADBLAST06,2250,hours
ER_0126798001001BREADBLAST0410000hours,ER_0126798001001,BREADBLAST04,BREADBLAST04,BREADBLAST04,10000,hours
ER_0126542001001BREADBLAST056000hours,ER_0126542001001,BREADBLAST05,BREADBLAST05,BREADBLAST05,6000,hours
ER_0126844001001BREADBLAST066250hours,ER_0126844001001,BREADBLAST06,BREADBLAST06,BREADBLAST06,6250,hours
ER_0124453001001BREADBLAST046000hours,ER_0124453001001,BREADBLAST04,BREADBLAST04,BREADBLAST04,6000,hours
ER_0125793001001BREADBLAST066250hours,ER_0125793001001,BREADBLAST06,BREADBLAST06,BREADBLAST06,6250,hours
ER_0124045001001BREADBLAST0618hours,ER_0124045001001,BREADBLAST06,BREADBLAST06,BREADBLAST06,18,hours
ER_0124579001001BREADBLAST0610000hours,ER_0124579001001,BREADBLAST06,BREADBLAST06,BREADBLAST06,10000,hours
ER_0124596001001BREADBLAST044000.002hours,ER_0124596001001,BREADBLAST04,BREADBLAST04,BREADBLAST04,4000.002,hours
ER_0124590001001BREADBLAST072000hours,ER_0124590001001,BREADBLAST07,BREADBLAST07,BREADBLAST07,2000,hours
ER_0124711001001BREADBLAST043200.4hours,ER_0124711001001,BREADBLAST04,BREADBLAST04,BREADBLAST04,3200.4,hours
ER_0125199001001BREADBLAST055833.33hours,ER_0125199001001,BREADBLAST05,BREADBLAST05,BREADBLAST05,5833.33,hours
ER_0125199001001_001BREADBLAST054166.67hours,ER_0125199001001_001,BREADBLAST05,BREADBLAST05,BREADBLAST05,4166.67,hours
ER_0127430001001BREADBLAST073750hours,ER_0127430001001,BREADBLAST07,BREADBLAST07,BREADBLAST07,3750,hours
ER_0125493001001BREADBLAST0520000hours,ER_0125493001001,BREADBLAST05,BREADBLAST05,BREADBLAST05,20000,hours
ER_0125302001001BREADBLAST0420000hours,ER_0125302001001,BREADBLAST04,BREADBLAST04,BREADBLAST04,20000,hours
ER_0126195001001BREADBLAST053499.998hours,ER_0126195001001,BREADBLAST05,BREADBLAST05,BREADBLAST05,3499.998,hours
ER_0124668001001BREADBLAST0410000hours,ER_0124668001001,BREADBLAST04,BREADBLAST04,BREADBLAST04,10000,hours
ER_0124720001001BREADBLAST0414000hours,ER_0124720001001,BREADBLAST04,BREADBLAST04,BREADBLAST04,14000,hours
ER_0125087001001BREADBLAST054666.664hours,ER_0125087001001,BREADBLAST05,BREADBLAST05,BREADBLAST05,4666.664,hours
ER_0126766001001BREADBLAST048000hours,ER_0126766001001,BREADBLAST04,BREADBLAST04,BREADBLAST04,8000,hours
ER_0125858001001BREADBLAST077083.33hours,ER_0125858001001,BREADBLAST07,BREADBLAST07,BREADBLAST07,7083.33,hours
ER_0125547001001BREADBLAST077080hours,ER_0125547001001,BREADBLAST07,BREADBLAST07,BREADBLAST07,7080,hours
ER_0126099001001BREADBLAST056041.67hours,ER_0126099001001,BREADBLAST05,BREADBLAST05,BREADBLAST05,6041.67,hours
ER_0125955001001BREADBLAST0520000hours,ER_0125955001001,BREADBLAST05,BREADBLAST05,BREADBLAST05,20000,hours
ER_0125668001001BREADBLAST075625hours,ER_0125668001001,BREADBLAST07,BREADBLAST07,BREADBLAST07,5625,hours
ER_0125543001001BREADBLAST0416000hours,ER_0125543001001,BREADBLAST04,BREADBLAST04,BREADBLAST04,16000,hours
ER_0125856001001BREADBLAST076250hours,ER_0125856001001,BREADBLAST07,BREADBLAST07,BREADBLAST07,6250,hours
ER_0127118001001BREADBLAST054666.4hours,ER_0127118001001,BREADBLAST05,BREADBLAST05,BREADBLAST05,4666.4,hours
ER_0125270001001BREADBLAST0420000hours,ER_0125270001001,BREADBLAST04,BREADBLAST04,BREADBLAST04,20000,hours
ER_0125540001001BREADBLAST0620000hours,ER_0125540001001,BREADBLAST06,BREADBLAST06,BREADBLAST06,20000,hours
ER_0126956001001BREADBLAST064000.002hours,ER_0126956001001,BREADBLAST06,BREADBLAST06,BREADBLAST06,4000.002,hours
ER_0126917001001BREADBLAST066500.004hours,ER_0126917001001,BREADBLAST06,BREADBLAST06,BREADBLAST06,6500.004,hours
ER_0125577001001BREADBLAST053499.998hours,ER_0125577001001,BREADBLAST05,BREADBLAST05,BREADBLAST05,3499.998,hours
ER_0126067001001BREADBLAST062332hours,ER_0126067001001,BREADBLAST06,BREADBLAST06,BREADBLAST06,2332,hours
ER_0125674001001BREADBLAST0710000hours,ER_0125674001001,BREADBLAST07,BREADBLAST07,BREADBLAST07,10000,hours
ER_0125544001001BREADBLAST0430000hours,ER_0125544001001,BREADBLAST04,BREADBLAST04,BREADBLAST04,30000,hours
ER_0126345001001BREADBLAST074248hours,ER_0126345001001,BREADBLAST07,BREADBLAST07,BREADBLAST07,4248,hours
ER_0125786001001BREADBLAST0414000hours,ER_0125786001001,BREADBLAST04,BREADBLAST04,BREADBLAST04,14000,hours
ER_0126091001001BREADBLAST074333.336hours,ER_0126091001001,BREADBLAST07,BREADBLAST07,BREADBLAST07,4333.336,hours
ER_0125306001001BREADBLAST063252hours,ER_0125306001001,BREADBLAST06,BREADBLAST06,BREADBLAST06,3252,hours
ER_0125306001001_001BREADBLAST062748hours,ER_0125306001001_001,BREADBLAST06,BREADBLAST06,BREADBLAST06,2748,hours
ER_0125948001001BREADBLAST053499.8hours,ER_0125948001001,BREADBLAST05,BREADBLAST05,BREADBLAST05,3499.8,hours
ER_0127231001001BREADBLAST0610000hours,ER_0127231001001,BREADBLAST06,BREADBLAST06,BREADBLAST06,10000,hours
ER_0127121001001BREADBLAST069333.338hours,ER_0127121001001,BREADBLAST06,BREADBLAST06,BREADBLAST06,9333.338,hours
ER_0126619001001BREADBLAST062833.332hours,ER_0126619001001,BREADBLAST06,BREADBLAST06,BREADBLAST06,2833.332,hours
ER_0126398001001BREADBLAST0510000hours,ER_0126398001001,BREADBLAST05,BREADBLAST05,BREADBLAST05,10000,hours
ER_0127184001001BREADBLAST0520000hours,ER_0127184001001,BREADBLAST05,BREADBLAST05,BREADBLAST05,20000,hours
ER_0126813001001BREADBLAST0420000hours,ER_0126813001001,BREADBLAST04,BREADBLAST04,BREADBLAST04,20000,hours
ER_0126954001001BREADBLAST0520000hours,ER_0126954001001,BREADBLAST05,BREADBLAST05,BREADBLAST05,20000,hours
ER_0126343001001BREADBLAST076042hours,ER_0126343001001,BREADBLAST07,BREADBLAST07,BREADBLAST07,6042,hours
ER_0125669001001BREADBLAST0731625hours,ER_0125669001001,BREADBLAST07,BREADBLAST07,BREADBLAST07,31625,hours
ER_0126397001001BREADBLAST051250hours,ER_0126397001001,BREADBLAST05,BREADBLAST05,BREADBLAST05,1250,hours
ER_0126390001001BREADBLAST072500hours,ER_0126390001001,BREADBLAST07,BREADBLAST07,BREADBLAST07,2500,hours
ER_0125661001001BREADBLAST0618hours,ER_0125661001001,BREADBLAST06,BREADBLAST06,BREADBLAST06,18,hours
ER_0125855001001BREADBLAST0714000hours,ER_0125855001001,BREADBLAST07,BREADBLAST07,BREADBLAST07,14000,hours
ER_0125671001001BREADBLAST0520000hours,ER_0125671001001,BREADBLAST05,BREADBLAST05,BREADBLAST05,20000,hours
ER_0127239001001BREADBLAST057083.33hours,ER_0127239001001,BREADBLAST05,BREADBLAST05,BREADBLAST05,7083.33,hours
ER_0126839001001BREADBLAST053000hours,ER_0126839001001,BREADBLAST05,BREADBLAST05,BREADBLAST05,3000,hours
ER_0127066001001BREADBLAST052000hours,ER_0127066001001,BREADBLAST05,BREADBLAST05,BREADBLAST05,2000,hours
ER_0127123001001BREADBLAST066000hours,ER_0127123001001,BREADBLAST06,BREADBLAST06,BREADBLAST06,6000,hours
ER_0126392001001BREADBLAST0626000hours,ER_0126392001001,BREADBLAST06,BREADBLAST06,BREADBLAST06,26000,hours
ER_0126206001001BREADBLAST072000hours,ER_0126206001001,BREADBLAST07,BREADBLAST07,BREADBLAST07,2000,hours
ER_0125366001001BREADBLAST055833.33hours,ER_0125366001001,BREADBLAST05,BREADBLAST05,BREADBLAST05,5833.33,hours
ER_0125455001001BREADBLAST046445hours,ER_0125455001001,BREADBLAST04,BREADBLAST04,BREADBLAST04,6445,hours
ER_0125455001001_001BREADBLAST043555hours,ER_0125455001001_001,BREADBLAST04,BREADBLAST04,BREADBLAST04,3555,hours
ER_0125366001001_001BREADBLAST054166.67hours,ER_0125366001001_001,BREADBLAST05,BREADBLAST05,BREADBLAST05,4166.67,hours
ER_0125460001001BREADBLAST0730000hours,ER_0125460001001,BREADBLAST07,BREADBLAST07,BREADBLAST07,30000,hours
ER_0125370001001BREADBLAST046222.22hours,ER_0125370001001,BREADBLAST04,BREADBLAST04,BREADBLAST04,6222.22,hours
ER_0125370001001_001BREADBLAST043777.78hours,ER_0125370001001_001,BREADBLAST04,BREADBLAST04,BREADBLAST04,3777.78,hours
ER_0125323001001BREADBLAST042000hours,ER_0125323001001,BREADBLAST04,BREADBLAST04,BREADBLAST04,2000,hours
ER_0125111001001BREADBLAST0718000hours,ER_0125111001001,BREADBLAST07,BREADBLAST07,BREADBLAST07,18000,hours
ER_0125111001001_001BREADBLAST076000hours,ER_0125111001001_001,BREADBLAST07,BREADBLAST07,BREADBLAST07,6000,hours
ER_0125458001001BREADBLAST055416.67hours,ER_0125458001001,BREADBLAST05,BREADBLAST05,BREADBLAST05,5416.67,hours
ER_0125458001001_001BREADBLAST054583.33hours,ER_0125458001001_001,BREADBLAST05,BREADBLAST05,BREADBLAST05,4583.33,hours
ER_0125723001001BREADBLAST0610000hours,ER_0125723001001,BREADBLAST06,BREADBLAST06,BREADBLAST06,10000,hours
ER_0126092001001BREADBLAST062668hours,ER_0126092001001,BREADBLAST06,BREADBLAST06,BREADBLAST06,2668,hours
ER_0126541001001BREADBLAST057875hours,ER_0126541001001,BREADBLAST05,BREADBLAST05,BREADBLAST05,7875,hours
ER_0125344001001BREADBLAST0510833.34hours,ER_0125344001001,BREADBLAST05,BREADBLAST05,BREADBLAST05,10833.34,hours
ER_0125344001001_001BREADBLAST059166.66hours,ER_0125344001001_001,BREADBLAST05,BREADBLAST05,BREADBLAST05,9166.66,hours
ER_0126993001001BREADBLAST046000hours,ER_0126993001001,BREADBLAST04,BREADBLAST04,BREADBLAST04,6000,hours
ER_0126921001001BREADBLAST0416000hours,ER_0126921001001,BREADBLAST04,BREADBLAST04,BREADBLAST04,16000,hours
ER_0125792001001BREADBLAST066000hours,ER_0125792001001,BREADBLAST06,BREADBLAST06,BREADBLAST06,6000,hours
ER_0125720001001BREADBLAST053750hours,ER_0125720001001,BREADBLAST05,BREADBLAST05,BREADBLAST05,3750,hours
ER_0127119001001BREADBLAST0510000hours,ER_0127119001001,BREADBLAST05,BREADBLAST05,BREADBLAST05,10000,hours
ER_0126963001001BREADBLAST063499.8hours,ER_0126963001001,BREADBLAST06,BREADBLAST06,BREADBLAST06,3499.8,hours
ER_0125867001001BREADBLAST054000hours,ER_0125867001001,BREADBLAST05,BREADBLAST05,BREADBLAST05,4000,hours
ER_0126036001001BREADBLAST074666.664hours,ER_0126036001001,BREADBLAST07,BREADBLAST07,BREADBLAST07,4666.664,hours
ER_0126546001001BREADBLAST075664hours,ER_0126546001001,BREADBLAST07,BREADBLAST07,BREADBLAST07,5664,hours
ER_0126275001001BREADBLAST0530000hours,ER_0126275001001,BREADBLAST05,BREADBLAST05,BREADBLAST05,30000,hours
ER_0127513001001BREADBLAST0510000hours,ER_0127513001001,BREADBLAST05,BREADBLAST05,BREADBLAST05,10000,hours
ER_0126936001001BREADBLAST064666.664hours,ER_0126936001001,BREADBLAST06,BREADBLAST06,BREADBLAST06,4666.664,hours
ER_0125367001001BREADBLAST053750hours,ER_0125367001001,BREADBLAST05,BREADBLAST05,BREADBLAST05,3750,hours
ER_0125367001001_001BREADBLAST052250hours,ER_0125367001001_001,BREADBLAST05,BREADBLAST05,BREADBLAST05,2250,hours
ER_0126918001001BREADBLAST0630000hours,ER_0126918001001,BREADBLAST06,BREADBLAST06,BREADBLAST06,30000,hours
ER_0127419001001BREADBLAST055833.33hours,ER_0127419001001,BREADBLAST05,BREADBLAST05,BREADBLAST05,5833.33,hours
ER_0127355001001BREADBLAST062000hours,ER_0127355001001,BREADBLAST06,BREADBLAST06,BREADBLAST06,2000,hours
ER_0125958001001BREADBLAST072000hours,ER_0125958001001,BREADBLAST07,BREADBLAST07,BREADBLAST07,2000,hours
ER_0126199001001BREADBLAST0614000hours,ER_0126199001001,BREADBLAST06,BREADBLAST06,BREADBLAST06,14000,hours
ER_0125951001001BREADBLAST053499.998hours,ER_0125951001001,BREADBLAST05,BREADBLAST05,BREADBLAST05,3499.998,hours
ER_0125859001001BREADBLAST076250hours,ER_0125859001001,BREADBLAST07,BREADBLAST07,BREADBLAST07,6250,hours
ER_0126934001001BREADBLAST0513750hours,ER_0126934001001,BREADBLAST05,BREADBLAST05,BREADBLAST05,13750,hours
ER_0125719001001BREADBLAST059333.328hours,ER_0125719001001,BREADBLAST05,BREADBLAST05,BREADBLAST05,9333.328,hours
ER_0125947001001BREADBLAST058750hours,ER_0125947001001,BREADBLAST05,BREADBLAST05,BREADBLAST05,8750,hours
ER_0126391001001BREADBLAST076666.67hours,ER_0126391001001,BREADBLAST07,BREADBLAST07,BREADBLAST07,6666.67,hours
ER_0126035001001BREADBLAST057083.33hours,ER_0126035001001,BREADBLAST05,BREADBLAST05,BREADBLAST05,7083.33,hours
ER_0127049001001BREADBLAST046445hours,ER_0127049001001,BREADBLAST04,BREADBLAST04,BREADBLAST04,6445,hours
ER_0125371001001BREADBLAST046000hours,ER_0125371001001,BREADBLAST04,BREADBLAST04,BREADBLAST04,6000,hours
ER_0126274001001BREADBLAST0518666.676hours,ER_0126274001001,BREADBLAST05,BREADBLAST05,BREADBLAST05,18666.676,hours
ER_0127235001001BREADBLAST0523333.32hours,ER_0127235001001,BREADBLAST05,BREADBLAST05,BREADBLAST05,23333.32,hours
ER_0127047001001BREADBLAST0415022.228hours,ER_0127047001001,BREADBLAST04,BREADBLAST04,BREADBLAST04,15022.228,hours
ER_0125721001001BREADBLAST058166.662hours,ER_0125721001001,BREADBLAST05,BREADBLAST05,BREADBLAST05,8166.662,hours
ER_0125950001001BREADBLAST053625.002hours,ER_0125950001001,BREADBLAST05,BREADBLAST05,BREADBLAST05,3625.002,hours
ER_0125670001001BREADBLAST0524072hours,ER_0125670001001,BREADBLAST05,BREADBLAST05,BREADBLAST05,24072,hours
ER_0126042001001BREADBLAST052000hours,ER_0126042001001,BREADBLAST05,BREADBLAST05,BREADBLAST05,2000,hours
ER_0125625001001BREADBLAST064000hours,ER_0125625001001,BREADBLAST06,BREADBLAST06,BREADBLAST06,4000,hours
ER_0125788001001BREADBLAST066000hours,ER_0125788001001,BREADBLAST06,BREADBLAST06,BREADBLAST06,6000,hours
ER_0125722001001BREADBLAST054500hours,ER_0125722001001,BREADBLAST05,BREADBLAST05,BREADBLAST05,4500,hours
ER_0127122001001BREADBLAST068666.672hours,ER_0127122001001,BREADBLAST06,BREADBLAST06,BREADBLAST06,8666.672,hours
ER_0126846001001BREADBLAST0520000hours,ER_0126846001001,BREADBLAST05,BREADBLAST05,BREADBLAST05,20000,hours
ER_0126922001001BREADBLAST0426000hours,ER_0126922001001,BREADBLAST04,BREADBLAST04,BREADBLAST04,26000,hours
ER_0125943001001BREADBLAST0420000hours,ER_0125943001001,BREADBLAST04,BREADBLAST04,BREADBLAST04,20000,hours
ER_0125954001001BREADBLAST055416.67hours,ER_0125954001001,BREADBLAST05,BREADBLAST05,BREADBLAST05,5416.67,hours
ER_0125945001001BREADBLAST064002hours,ER_0125945001001,BREADBLAST06,BREADBLAST06,BREADBLAST06,4002,hours
ER_0125351001001BREADBLAST066000hours,ER_0125351001001,BREADBLAST06,BREADBLAST06,BREADBLAST06,6000,hours
ER_0125724001001BREADBLAST0510000hours,ER_0125724001001,BREADBLAST05,BREADBLAST05,BREADBLAST05,10000,hours
ER_0125944001001BREADBLAST064000.2hours,ER_0125944001001,BREADBLAST06,BREADBLAST06,BREADBLAST06,4000.2,hours
ER_0126443001001BREADBLAST0710000hours,ER_0126443001001,BREADBLAST07,BREADBLAST07,BREADBLAST07,10000,hours
ER_0126350001001BREADBLAST064000.2hours,ER_0126350001001,BREADBLAST06,BREADBLAST06,BREADBLAST06,4000.2,hours
ER_0125622001001BREADBLAST0436000hours,ER_0125622001001,BREADBLAST04,BREADBLAST04,BREADBLAST04,36000,hours
ER_0125673001001BREADBLAST076666.67hours,ER_0125673001001,BREADBLAST07,BREADBLAST07,BREADBLAST07,6666.67,hours
ER_0126444001001BREADBLAST077500hours,ER_0126444001001,BREADBLAST07,BREADBLAST07,BREADBLAST07,7500,hours
ER_0125949001001BREADBLAST052500hours,ER_0125949001001,BREADBLAST05,BREADBLAST05,BREADBLAST05,2500,hours
ER_0125092001001BREADBLAST0520000hours,ER_0125092001001,BREADBLAST05,BREADBLAST05,BREADBLAST05,20000,hours
ER_0125110001001BREADBLAST072500hours,ER_0125110001001,BREADBLAST07,BREADBLAST07,BREADBLAST07,2500,hours
ER_0125110001001_001BREADBLAST071500hours,ER_0125110001001_001,BREADBLAST07,BREADBLAST07,BREADBLAST07,1500,hours
ER_0125090001001BREADBLAST0511250hours,ER_0125090001001,BREADBLAST05,BREADBLAST05,BREADBLAST05,11250,hours
ER_0125139001001BREADBLAST0720000hours,ER_0125139001001,BREADBLAST07,BREADBLAST07,BREADBLAST07,20000,hours
ER_0124852001001BREADBLAST056999.996hours,ER_0124852001001,BREADBLAST05,BREADBLAST05,BREADBLAST05,6999.996,hours
ER_0124873001001BREADBLAST053625.2hours,ER_0124873001001,BREADBLAST05,BREADBLAST05,BREADBLAST05,3625.2,hours
ER_0127183001001BREADBLAST0410000hours,ER_0127183001001,BREADBLAST04,BREADBLAST04,BREADBLAST04,10000,hours
ER_0125576001001BREADBLAST072833.332hours,ER_0125576001001,BREADBLAST07,BREADBLAST07,BREADBLAST07,2833.332,hours
ER_0125036001001BREADBLAST056500.004hours,ER_0125036001001,BREADBLAST05,BREADBLAST05,BREADBLAST05,6500.004,hours
ER_0125121001001BREADBLAST063000hours,ER_0125121001001,BREADBLAST06,BREADBLAST06,BREADBLAST06,3000,hours
ER_0125268001001BREADBLAST044000hours,ER_0125268001001,BREADBLAST04,BREADBLAST04,BREADBLAST04,4000,hours
ER_0124853001001BREADBLAST057500hours,ER_0124853001001,BREADBLAST05,BREADBLAST05,BREADBLAST05,7500,hours
ER_0125466001001BREADBLAST073250.002hours,ER_0125466001001,BREADBLAST07,BREADBLAST07,BREADBLAST07,3250.002,hours
ER_0125466001001_001BREADBLAST072749.998hours,ER_0125466001001_001,BREADBLAST07,BREADBLAST07,BREADBLAST07,2749.998,hours
ER_0125369001001BREADBLAST042000hours,ER_0125369001001,BREADBLAST04,BREADBLAST04,BREADBLAST04,2000,hours
ER_0126842001001BREADBLAST0610000hours,ER_0126842001001,BREADBLAST06,BREADBLAST06,BREADBLAST06,10000,hours
ER_0125088001001BREADBLAST0511666.66hours,ER_0125088001001,BREADBLAST05,BREADBLAST05,BREADBLAST05,11666.66,hours
ER_0125075001001BREADBLAST062000hours,ER_0125075001001,BREADBLAST06,BREADBLAST06,BREADBLAST06,2000,hours
ER_0125079001001BREADBLAST0618hours,ER_0125079001001,BREADBLAST06,BREADBLAST06,BREADBLAST06,18,hours
ER_0124941001001BREADBLAST0713333.34hours,ER_0124941001001,BREADBLAST07,BREADBLAST07,BREADBLAST07,13333.34,hours
ER_0125350001001BREADBLAST0620000hours,ER_0125350001001,BREADBLAST06,BREADBLAST06,BREADBLAST06,20000,hours
ER_0125020001001BREADBLAST0612083.34hours,ER_0125020001001,BREADBLAST06,BREADBLAST06,BREADBLAST06,12083.34,hours
ER_0125076001001BREADBLAST0710000hours,ER_0125076001001,BREADBLAST07,BREADBLAST07,BREADBLAST07,10000,hours
ER_0124940001001BREADBLAST0713750hours,ER_0124940001001,BREADBLAST07,BREADBLAST07,BREADBLAST07,13750,hours
ER_0126190001001BREADBLAST0510833.34hours,ER_0126190001001,BREADBLAST05,BREADBLAST05,BREADBLAST05,10833.34,hours
ER_0126197001001BREADBLAST058750hours,ER_0126197001001,BREADBLAST05,BREADBLAST05,BREADBLAST05,8750,hours
ER_0126208001001BREADBLAST074666.664hours,ER_0126208001001,BREADBLAST07,BREADBLAST07,BREADBLAST07,4666.664,hours
ER_0126212001001BREADBLAST076250hours,ER_0126212001001,BREADBLAST07,BREADBLAST07,BREADBLAST07,6250,hours
ER_0126283001001BREADBLAST073750hours,ER_0126283001001,BREADBLAST07,BREADBLAST07,BREADBLAST07,3750,hours
ER_0126276001001BREADBLAST0624000hours,ER_0126276001001,BREADBLAST06,BREADBLAST06,BREADBLAST06,24000,hours
ER_0126034001001BREADBLAST0513750hours,ER_0126034001001,BREADBLAST05,BREADBLAST05,BREADBLAST05,13750,hours
ER_0125956001001BREADBLAST0410000hours,ER_0125956001001,BREADBLAST04,BREADBLAST04,BREADBLAST04,10000,hours
ER_0126194001001BREADBLAST0518666.676hours,ER_0126194001001,BREADBLAST05,BREADBLAST05,BREADBLAST05,18666.676,hours
ER_0127351001001BREADBLAST0426000hours,ER_0127351001001,BREADBLAST04,BREADBLAST04,BREADBLAST04,26000,hours
ER_0126451001001BREADBLAST0424000hours,ER_0126451001001,BREADBLAST04,BREADBLAST04,BREADBLAST04,24000,hours
ER_0126400001001BREADBLAST0440000hours,ER_0126400001001,BREADBLAST04,BREADBLAST04,BREADBLAST04,40000,hours
ER_0126198001001BREADBLAST062418.8hours,ER_0126198001001,BREADBLAST06,BREADBLAST06,BREADBLAST06,2418.8,hours
ER_0126447001001BREADBLAST063628.2hours,ER_0126447001001,BREADBLAST06,BREADBLAST06,BREADBLAST06,3628.2,hours
ER_0126708001001BREADBLAST0520000hours,ER_0126708001001,BREADBLAST05,BREADBLAST05,BREADBLAST05,20000,hours
ER_0126808001001BREADBLAST076000hours,ER_0126808001001,BREADBLAST07,BREADBLAST07,BREADBLAST07,6000,hours
ER_0126840001001BREADBLAST0526000hours,ER_0126840001001,BREADBLAST05,BREADBLAST05,BREADBLAST05,26000,hours
ER_0126995001001BREADBLAST062832hours,ER_0126995001001,BREADBLAST06,BREADBLAST06,BREADBLAST06,2832,hours
ER_0127230001001BREADBLAST065000hours,ER_0127230001001,BREADBLAST06,BREADBLAST06,BREADBLAST06,5000,hours
ER_0127232001001BREADBLAST0610000hours,ER_0127232001001,BREADBLAST06,BREADBLAST06,BREADBLAST06,10000,hours
ER_0127431001001BREADBLAST0418573hours,ER_0127431001001,BREADBLAST04,BREADBLAST04,BREADBLAST04,18573,hours
ER_0126401001001BREADBLAST047555.56hours,ER_0126401001001,BREADBLAST04,BREADBLAST04,BREADBLAST04,7555.56,hours
ER_0126272001001BREADBLAST0414000hours,ER_0126272001001,BREADBLAST04,BREADBLAST04,BREADBLAST04,14000,hours
ER_0126393001001BREADBLAST064248hours,ER_0126393001001,BREADBLAST06,BREADBLAST06,BREADBLAST06,4248,hours
ER_0126346001001BREADBLAST076500.004hours,ER_0126346001001,BREADBLAST07,BREADBLAST07,BREADBLAST07,6500.004,hours
ER_0126201001001BREADBLAST0430000hours,ER_0126201001001,BREADBLAST04,BREADBLAST04,BREADBLAST04,30000,hours
ER_0126349001001BREADBLAST072723.404hours,ER_0126349001001,BREADBLAST07,BREADBLAST07,BREADBLAST07,2723.404,hours
ER_0127467001001BREADBLAST0630000hours,ER_0127467001001,BREADBLAST06,BREADBLAST06,BREADBLAST06,30000,hours
ER_0127418001001BREADBLAST053625.002hours,ER_0127418001001,BREADBLAST05,BREADBLAST05,BREADBLAST05,3625.002,hours
ER_0127420001001BREADBLAST0620000hours,ER_0127420001001,BREADBLAST06,BREADBLAST06,BREADBLAST06,20000,hours
ER_0127421001001BREADBLAST068000hours,ER_0127421001001,BREADBLAST06,BREADBLAST06,BREADBLAST06,8000,hours
ER_0126449001001BREADBLAST0640000hours,ER_0126449001001,BREADBLAST06,BREADBLAST06,BREADBLAST06,40000,hours
ER_0127052001001BREADBLAST064002hours,ER_0127052001001,BREADBLAST06,BREADBLAST06,BREADBLAST06,4002,hours
ER_0125952001001BREADBLAST076042hours,ER_0125952001001,BREADBLAST07,BREADBLAST07,BREADBLAST07,6042,hours
ER_0126543001001BREADBLAST0515000hours,ER_0126543001001,BREADBLAST05,BREADBLAST05,BREADBLAST05,15000,hours
ER_0127417001001BREADBLAST0513750hours,ER_0127417001001,BREADBLAST05,BREADBLAST05,BREADBLAST05,13750,hours
ER_0127166001001BREADBLAST0510000hours,ER_0127166001001,BREADBLAST05,BREADBLAST05,BREADBLAST05,10000,hours
ER_0126958001001BREADBLAST063750hours,ER_0126958001001,BREADBLAST06,BREADBLAST06,BREADBLAST06,3750,hours
ER_0127423001001BREADBLAST067083.33hours,ER_0127423001001,BREADBLAST06,BREADBLAST06,BREADBLAST06,7083.33,hours
ER_0126088001001BREADBLAST066250hours,ER_0126088001001,BREADBLAST06,BREADBLAST06,BREADBLAST06,6250,hours
ER_0126446001001BREADBLAST065000hours,ER_0126446001001,BREADBLAST06,BREADBLAST06,BREADBLAST06,5000,hours
ER_0126545001001BREADBLAST072416.668hours,ER_0126545001001,BREADBLAST07,BREADBLAST07,BREADBLAST07,2416.668,hours
ER_0126033001001BREADBLAST057583.338hours,ER_0126033001001,BREADBLAST05,BREADBLAST05,BREADBLAST05,7583.338,hours
ER_0126282001001BREADBLAST074666.4hours,ER_0126282001001,BREADBLAST07,BREADBLAST07,BREADBLAST07,4666.4,hours
ER_0126807001001BREADBLAST0517500hours,ER_0126807001001,BREADBLAST05,BREADBLAST05,BREADBLAST05,17500,hours
ER_0126038001001BREADBLAST075000hours,ER_0126038001001,BREADBLAST07,BREADBLAST07,BREADBLAST07,5000,hours
ER_0126973001001BREADBLAST0414000hours,ER_0126973001001,BREADBLAST04,BREADBLAST04,BREADBLAST04,14000,hours
ER_0126949001001BREADBLAST046000hours,ER_0126949001001,BREADBLAST04,BREADBLAST04,BREADBLAST04,6000,hours
ER_0126838001001BREADBLAST075000hours,ER_0126838001001,BREADBLAST07,BREADBLAST07,BREADBLAST07,5000,hours
ER_0126040001001BREADBLAST077083.33hours,ER_0126040001001,BREADBLAST07,BREADBLAST07,BREADBLAST07,7083.33,hours
ER_0126448001001BREADBLAST0620000hours,ER_0126448001001,BREADBLAST06,BREADBLAST06,BREADBLAST06,20000,hours
ER_0126352001001BREADBLAST071416.666hours,ER_0126352001001,BREADBLAST07,BREADBLAST07,BREADBLAST07,1416.666,hours
ER_0126395001001BREADBLAST0620000hours,ER_0126395001001,BREADBLAST06,BREADBLAST06,BREADBLAST06,20000,hours
ER_0126726001001BREADBLAST059900hours,ER_0126726001001,BREADBLAST05,BREADBLAST05,BREADBLAST05,9900,hours
ER_0126202001001BREADBLAST048000hours,ER_0126202001001,BREADBLAST04,BREADBLAST04,BREADBLAST04,8000,hours
ER_0126271001001BREADBLAST0420000hours,ER_0126271001001,BREADBLAST04,BREADBLAST04,BREADBLAST04,20000,hours
ER_0125542001001BREADBLAST0410000hours,ER_0125542001001,BREADBLAST04,BREADBLAST04,BREADBLAST04,10000,hours
ER_0126279001001BREADBLAST065666.664hours,ER_0126279001001,BREADBLAST06,BREADBLAST06,BREADBLAST06,5666.664,hours
ER_0126803001001BREADBLAST062418.8hours,ER_0126803001001,BREADBLAST06,BREADBLAST06,BREADBLAST06,2418.8,hours
ER_0126192001001BREADBLAST0520000hours,ER_0126192001001,BREADBLAST05,BREADBLAST05,BREADBLAST05,20000,hours
ER_0126191001001BREADBLAST055666.664hours,ER_0126191001001,BREADBLAST05,BREADBLAST05,BREADBLAST05,5666.664,hours
ER_0126070001001BREADBLAST064000hours,ER_0126070001001,BREADBLAST06,BREADBLAST06,BREADBLAST06,4000,hours
ER_0127234001001BREADBLAST0512500hours,ER_0127234001001,BREADBLAST05,BREADBLAST05,BREADBLAST05,12500,hours
ER_0127350001001BREADBLAST0410000hours,ER_0127350001001,BREADBLAST04,BREADBLAST04,BREADBLAST04,10000,hours
ER_0126916001001BREADBLAST075666.664hours,ER_0126916001001,BREADBLAST07,BREADBLAST07,BREADBLAST07,5666.664,hours
ER_0127050001001BREADBLAST0610000hours,ER_0127050001001,BREADBLAST06,BREADBLAST06,BREADBLAST06,10000,hours
ER_0126700001001BREADBLAST0618000hours,ER_0126700001001,BREADBLAST06,BREADBLAST06,BREADBLAST06,18000,hours
ER_0126402001001BREADBLAST0711333.328hours,ER_0126402001001,BREADBLAST07,BREADBLAST07,BREADBLAST07,11333.328,hours
ER_0126617001001BREADBLAST0514000hours,ER_0126617001001,BREADBLAST05,BREADBLAST05,BREADBLAST05,14000,hours
ER_0126196001001BREADBLAST0512500hours,ER_0126196001001,BREADBLAST05,BREADBLAST05,BREADBLAST05,12500,hours
ER_0126672001001BREADBLAST066000hours,ER_0126672001001,BREADBLAST06,BREADBLAST06,BREADBLAST06,6000,hours
ER_0127348001001BREADBLAST0530000hours,ER_0127348001001,BREADBLAST05,BREADBLAST05,BREADBLAST05,30000,hours
ER_0127091001001BREADBLAST0618hours,ER_0127091001001,BREADBLAST06,BREADBLAST06,BREADBLAST06,18,hours
ER_0127181001001BREADBLAST0410000hours,ER_0127181001001,BREADBLAST04,BREADBLAST04,BREADBLAST04,10000,hours
ER_0126280001001BREADBLAST074000.2hours,ER_0126280001001,BREADBLAST07,BREADBLAST07,BREADBLAST07,4000.2,hours
ER_0126069001001BREADBLAST0620000hours,ER_0126069001001,BREADBLAST06,BREADBLAST06,BREADBLAST06,20000,hours
ER_0126277001001BREADBLAST068166.662hours,ER_0126277001001,BREADBLAST06,BREADBLAST06,BREADBLAST06,8166.662,hours
ER_0126193001001BREADBLAST057740hours,ER_0126193001001,BREADBLAST05,BREADBLAST05,BREADBLAST05,7740,hours
ER_0126919001001BREADBLAST0527000hours,ER_0126919001001,BREADBLAST05,BREADBLAST05,BREADBLAST05,27000,hours
ER_0126348001001BREADBLAST072500hours,ER_0126348001001,BREADBLAST07,BREADBLAST07,BREADBLAST07,2500,hours
ER_0125546001001BREADBLAST044622.224hours,ER_0125546001001,BREADBLAST04,BREADBLAST04,BREADBLAST04,4622.224,hours
ER_0125953001001BREADBLAST074667.2hours,ER_0125953001001,BREADBLAST07,BREADBLAST07,BREADBLAST07,4667.2,hours
ER_0126200001001BREADBLAST068000hours,ER_0126200001001,BREADBLAST06,BREADBLAST06,BREADBLAST06,8000,hours
ER_0126675001001BREADBLAST0730000hours,ER_0126675001001,BREADBLAST07,BREADBLAST07,BREADBLAST07,30000,hours
ER_0126540001001BREADBLAST059333.328hours,ER_0126540001001,BREADBLAST05,BREADBLAST05,BREADBLAST05,9333.328,hours
ER_0126799001001BREADBLAST0420000hours,ER_0126799001001,BREADBLAST04,BREADBLAST04,BREADBLAST04,20000,hours
ER_0126812001001BREADBLAST0420000hours,ER_0126812001001,BREADBLAST04,BREADBLAST04,BREADBLAST04,20000,hours
ER_0127051001001BREADBLAST068000hours,ER_0127051001001,BREADBLAST06,BREADBLAST06,BREADBLAST06,8000,hours
ER_0126670001001BREADBLAST064833.336hours,ER_0126670001001,BREADBLAST06,BREADBLAST06,BREADBLAST06,4833.336,hours
ER_0126666001001BREADBLAST0513500hours,ER_0126666001001,BREADBLAST05,BREADBLAST05,BREADBLAST05,13500,hours
ER_0126278001001BREADBLAST0612000.006hours,ER_0126278001001,BREADBLAST06,BREADBLAST06,BREADBLAST06,12000.006,hours
ER_0126344001001BREADBLAST0721249.99hours,ER_0126344001001,BREADBLAST07,BREADBLAST07,BREADBLAST07,21249.99,hours
ER_0125946001001BREADBLAST0620000hours,ER_0125946001001,BREADBLAST06,BREADBLAST06,BREADBLAST06,20000,hours
ER_0126068001001BREADBLAST066504hours,ER_0126068001001,BREADBLAST06,BREADBLAST06,BREADBLAST06,6504,hours
ER_0127124001001BREADBLAST065833.33hours,ER_0127124001001,BREADBLAST06,BREADBLAST06,BREADBLAST06,5833.33,hours
ER_0127424001001BREADBLAST067500hours,ER_0127424001001,BREADBLAST06,BREADBLAST06,BREADBLAST06,7500,hours
ER_0127352001001BREADBLAST074333.336hours,ER_0127352001001,BREADBLAST07,BREADBLAST07,BREADBLAST07,4333.336,hours
ER_0127353001001BREADBLAST074249.998hours,ER_0127353001001,BREADBLAST07,BREADBLAST07,BREADBLAST07,4249.998,hours
ER_0126680001001BREADBLAST053499.998hours,ER_0126680001001,BREADBLAST05,BREADBLAST05,BREADBLAST05,3499.998,hours
ER_0126652001001BREADBLAST069066.6624hours,ER_0126652001001,BREADBLAST06,BREADBLAST06,BREADBLAST06,9066.6624,hours
ER_0126548001001BREADBLAST062500hours,ER_0126548001001,BREADBLAST06,BREADBLAST06,BREADBLAST06,2500,hours
ER_0126667001001BREADBLAST068166.662hours,ER_0126667001001,BREADBLAST06,BREADBLAST06,BREADBLAST06,8166.662,hours
ER_0126843001001BREADBLAST063250.002hours,ER_0126843001001,BREADBLAST06,BREADBLAST06,BREADBLAST06,3250.002,hours
ER_0126674001001BREADBLAST066000hours,ER_0126674001001,BREADBLAST06,BREADBLAST06,BREADBLAST06,6000,hours
ER_0126678001001BREADBLAST062666.4hours,ER_0126678001001,BREADBLAST06,BREADBLAST06,BREADBLAST06,2666.4,hours
ER_0127470001001BREADBLAST053499.998hours,ER_0127470001001,BREADBLAST05,BREADBLAST05,BREADBLAST05,3499.998,hours
ER_0127470001001_001BREADBLAST052500.002hours,ER_0127470001001_001,BREADBLAST05,BREADBLAST05,BREADBLAST05,2500.002,hours
ER_0127425001001BREADBLAST064333.336hours,ER_0127425001001,BREADBLAST06,BREADBLAST06,BREADBLAST06,4333.336,hours
ER_0127310001001BREADBLAST0610499.994hours,ER_0127310001001,BREADBLAST06,BREADBLAST06,BREADBLAST06,10499.994,hours
ER_0127464001001BREADBLAST045332.8hours,ER_0127464001001,BREADBLAST04,BREADBLAST04,BREADBLAST04,5332.8,hours
ER_0127464001001_001BREADBLAST042667.2hours,ER_0127464001001_001,BREADBLAST04,BREADBLAST04,BREADBLAST04,2667.2,hours
ER_0127465001001BREADBLAST0420000hours,ER_0127465001001,BREADBLAST04,BREADBLAST04,BREADBLAST04,20000,hours
ER_0127426001001BREADBLAST068166.662hours,ER_0127426001001,BREADBLAST06,BREADBLAST06,BREADBLAST06,8166.662,hours
ER_0127466001001BREADBLAST0410000hours,ER_0127466001001,BREADBLAST04,BREADBLAST04,BREADBLAST04,10000,hours
ER_0127275001001BREADBLAST068000hours,ER_0127275001001,BREADBLAST06,BREADBLAST06,BREADBLAST06,8000,hours
ER_0127120001001BREADBLAST053750hours,ER_0127120001001,BREADBLAST05,BREADBLAST05,BREADBLAST05,3750,hours
ER_0127185001001BREADBLAST0620000hours,ER_0127185001001,BREADBLAST06,BREADBLAST06,BREADBLAST06,20000,hours
ER_0127233001001BREADBLAST0514160hours,ER_0127233001001,BREADBLAST05,BREADBLAST05,BREADBLAST05,14160,hours
ER_0127422001001BREADBLAST0620000hours,ER_0127422001001,BREADBLAST06,BREADBLAST06,BREADBLAST06,20000,hours
ER_0126937001001BREADBLAST0415111.12hours,ER_0126937001001,BREADBLAST04,BREADBLAST04,BREADBLAST04,15111.12,hours
ER_0127241001001BREADBLAST065000hours,ER_0127241001001,BREADBLAST06,BREADBLAST06,BREADBLAST06,5000,hours
